public_number,book_number,black,white,date,result,move_count,status,sgf_file,archive_url,gif_url
1,,Kitani Minoru,Go Seigen,1939-09-28..30,W+2,276,identified_by_30_move_prefix,sgf/001-1939-09-28.sgf,https://homepages.cwi.nl/~aeb/go/games/games/Go_Seigen/1939-09-28.sgf,https://qjql.net/newgo/dongtu/%E5%90%8D%E4%BA%BA%E6%A3%8B%E8%B0%B1/%E5%90%B4%E6%B8%85%E6%BA%90%E8%87%AA%E6%88%98%E7%99%BE%E5%B1%80001.gif
2,,Go Seigen,Kitani Minoru,"1940-06-12,13,14",B+1,254,identified_by_30_move_prefix,sgf/002-1940-06-12.sgf,https://homepages.cwi.nl/~aeb/go/games/games/Go_Seigen/1940-06-12.sgf,https://qjql.net/newgo/dongtu/%E5%90%8D%E4%BA%BA%E6%A3%8B%E8%B0%B1/%E5%90%B4%E6%B8%85%E6%BA%90%E8%87%AA%E6%88%98%E7%99%BE%E5%B1%80002.gif
3,,Kitani Minoru,Go Seigen,"1941-03-05,07",W+R,194,identified_by_30_move_prefix,sgf/003-1941-03-05.sgf,https://homepages.cwi.nl/~aeb/go/games/games/Go_Seigen/1941-03-05.sgf,https://qjql.net/newgo/dongtu/%E5%90%8D%E4%BA%BA%E6%A3%8B%E8%B0%B1/%E5%90%B4%E6%B8%85%E6%BA%90%E8%87%AA%E6%88%98%E7%99%BE%E5%B1%80003.gif
4,,Karigane Junichi,Go Seigen,1941-08-07..09,W+R,186,identified_by_30_move_prefix,sgf/004-1941-08-07.sgf,https://homepages.cwi.nl/~aeb/go/games/games/Go_Seigen/1941-08-07.sgf,https://qjql.net/newgo/dongtu/%E5%90%8D%E4%BA%BA%E6%A3%8B%E8%B0%B1/%E5%90%B4%E6%B8%85%E6%BA%90%E8%87%AA%E6%88%98%E7%99%BE%E5%B1%80004.gif
5,,Go Seigen,Karigane Junichi,1941-10-03..05,B+6,275,identified_by_30_move_prefix,sgf/005-1941-10-03.sgf,https://homepages.cwi.nl/~aeb/go/games/games/Go_Seigen/1941-10-03.sgf,https://qjql.net/newgo/dongtu/%E5%90%8D%E4%BA%BA%E6%A3%8B%E8%B0%B1/%E5%90%B4%E6%B8%85%E6%BA%90%E8%87%AA%E6%88%98%E7%99%BE%E5%B1%80005.gif
6,,Go Seigen,Karigane Junichi,1942-02-25..27,B+3,254,identified_by_30_move_prefix,sgf/006-1942-02-25.sgf,https://homepages.cwi.nl/~aeb/go/games/games/Go_Seigen/1942-02-25.sgf,https://qjql.net/newgo/dongtu/%E5%90%8D%E4%BA%BA%E6%A3%8B%E8%B0%B1/%E5%90%B4%E6%B8%85%E6%BA%90%E8%87%AA%E6%88%98%E7%99%BE%E5%B1%80006.gif
7,,Karigane Junichi,Go Seigen,1942-05-02..04,W+R,190,identified_by_30_move_prefix,sgf/007-1942-05-02.sgf,https://homepages.cwi.nl/~aeb/go/games/games/Go_Seigen/1942-05-02.sgf,https://qjql.net/newgo/dongtu/%E5%90%8D%E4%BA%BA%E6%A3%8B%E8%B0%B1/%E5%90%B4%E6%B8%85%E6%BA%90%E8%87%AA%E6%88%98%E7%99%BE%E5%B1%80007.gif
8,,Go Seigen,Kitani Minoru,,B+R,185,identified_by_30_move_prefix,sgf/008-1943-02-23.sgf,https://homepages.cwi.nl/~aeb/go/games/games/Go_Seigen/1943-02-23.sgf,https://qjql.net/newgo/dongtu/%E5%90%8D%E4%BA%BA%E6%A3%8B%E8%B0%B1/%E5%90%B4%E6%B8%85%E6%BA%90%E8%87%AA%E6%88%98%E7%99%BE%E5%B1%80008.gif
9,,Kitani Minoru,Go Seigen,,W+3.5,271,identified_by_30_move_prefix,sgf/009-1943-04-07.sgf,https://homepages.cwi.nl/~aeb/go/games/games/Go_Seigen/1943-04-07.sgf,https://qjql.net/newgo/dongtu/%E5%90%8D%E4%BA%BA%E6%A3%8B%E8%B0%B1/%E5%90%B4%E6%B8%85%E6%BA%90%E8%87%AA%E6%88%98%E7%99%BE%E5%B1%80009.gif
10,,Fujisawa Kuranosuke,Go Seigen,"1943-02-25,26",W+R,246,identified_by_30_move_prefix,sgf/010-1943-02-25.sgf,https://homepages.cwi.nl/~aeb/go/games/games/Go_Seigen/1943-02-25.sgf,https://qjql.net/newgo/dongtu/%E5%90%8D%E4%BA%BA%E6%A3%8B%E8%B0%B1/%E5%90%B4%E6%B8%85%E6%BA%90%E8%87%AA%E6%88%98%E7%99%BE%E5%B1%80010.gif
11,,Fujisawa Kuranosuke,Go Seigen,"1943-06-02,03",W+4,254,identified_by_30_move_prefix,sgf/011-1943-06-02.sgf,https://homepages.cwi.nl/~aeb/go/games/games/Go_Seigen/1943-06-02.sgf,https://qjql.net/newgo/dongtu/%E5%90%8D%E4%BA%BA%E6%A3%8B%E8%B0%B1/%E5%90%B4%E6%B8%85%E6%BA%90%E8%87%AA%E6%88%98%E7%99%BE%E5%B1%80011.gif
12,,Fujisawa Kuranosuke,Go Seigen,"1943-09-07,08",W+R,206,identified_by_30_move_prefix,sgf/012-1943-09-07.sgf,https://homepages.cwi.nl/~aeb/go/games/games/Go_Seigen/1943-09-07.sgf,https://qjql.net/newgo/dongtu/%E5%90%8D%E4%BA%BA%E6%A3%8B%E8%B0%B1/%E5%90%B4%E6%B8%85%E6%BA%90%E8%87%AA%E6%88%98%E7%99%BE%E5%B1%80012.gif
13,,Fujisawa Kuranosuke,Go Seigen,,W+R,216,identified_by_30_move_prefix,sgf/013-1944-02-19.sgf,https://homepages.cwi.nl/~aeb/go/games/games/Go_Seigen/1944-02-19.sgf,https://qjql.net/newgo/dongtu/%E5%90%8D%E4%BA%BA%E6%A3%8B%E8%B0%B1/%E5%90%B4%E6%B8%85%E6%BA%90%E8%87%AA%E6%88%98%E7%99%BE%E5%B1%80013.gif
14,,Hashimoto Utaro,Go Seigen,1946-08-29,W+1,274,identified_by_30_move_prefix,sgf/014-1946-08-29.sgf,https://homepages.cwi.nl/~aeb/go/games/games/Go_Seigen/1946-08-29.sgf,https://qjql.net/newgo/dongtu/%E5%90%8D%E4%BA%BA%E6%A3%8B%E8%B0%B1/%E5%90%B4%E6%B8%85%E6%BA%90%E8%87%AA%E6%88%98%E7%99%BE%E5%B1%80014.gif
15,,Hashimoto Utaro,Go Seigen,1946-09,W+8,269,identified_by_30_move_prefix,sgf/015-1946-09-00.sgf,https://homepages.cwi.nl/~aeb/go/games/games/Go_Seigen/1946-09-00.sgf,https://qjql.net/newgo/dongtu/%E5%90%8D%E4%BA%BA%E6%A3%8B%E8%B0%B1/%E5%90%B4%E6%B8%85%E6%BA%90%E8%87%AA%E6%88%98%E7%99%BE%E5%B1%80015.gif
16,,Go Seigen,Hashimoto Utaro,1947-07,B+R,177,identified_by_30_move_prefix,sgf/016-1947-07-00c.sgf,https://homepages.cwi.nl/~aeb/go/games/games/Go_Seigen/1947-07-00c.sgf,https://qjql.net/newgo/dongtu/%E5%90%8D%E4%BA%BA%E6%A3%8B%E8%B0%B1/%E5%90%B4%E6%B8%85%E6%BA%90%E8%87%AA%E6%88%98%E7%99%BE%E5%B1%80016.gif
17,,Hashimoto Utaro,Go Seigen,1947-10-03,W+R,194,identified_by_30_move_prefix,sgf/017-1947-10-03.sgf,https://homepages.cwi.nl/~aeb/go/games/games/Go_Seigen/1947-10-03.sgf,https://qjql.net/newgo/dongtu/%E5%90%8D%E4%BA%BA%E6%A3%8B%E8%B0%B1/%E5%90%B4%E6%B8%85%E6%BA%90%E8%87%AA%E6%88%98%E7%99%BE%E5%B1%80017.gif
18,,Hashimoto Utaro,Go Seigen,,Jigo,230,identified_by_30_move_prefix,sgf/018-1947-12-02.sgf,https://homepages.cwi.nl/~aeb/go/games/games/Go_Seigen/1947-12-02.sgf,https://qjql.net/newgo/dongtu/%E5%90%8D%E4%BA%BA%E6%A3%8B%E8%B0%B1/%E5%90%B4%E6%B8%85%E6%BA%90%E8%87%AA%E6%88%98%E7%99%BE%E5%B1%80018.gif
19,,Iwamoto Kaoru,Go Seigen,1948-07-07..09,W+1,328,identified_by_30_move_prefix,sgf/019-1948-07-07.sgf,https://homepages.cwi.nl/~aeb/go/games/games/Go_Seigen/1948-07-07.sgf,https://qjql.net/newgo/dongtu/%E5%90%8D%E4%BA%BA%E6%A3%8B%E8%B0%B1/%E5%90%B4%E6%B8%85%E6%BA%90%E8%87%AA%E6%88%98%E7%99%BE%E5%B1%80019.gif
20,,Go Seigen,Iwamoto Kaoru,1948-07-20..22,B+R,189,identified_by_30_move_prefix,sgf/020-1948-07-20.sgf,https://homepages.cwi.nl/~aeb/go/games/games/Go_Seigen/1948-07-20.sgf,https://qjql.net/newgo/dongtu/%E5%90%8D%E4%BA%BA%E6%A3%8B%E8%B0%B1/%E5%90%B4%E6%B8%85%E6%BA%90%E8%87%AA%E6%88%98%E7%99%BE%E5%B1%80020.gif
21,,Go Seigen,Iwamoto Kaoru,1948-09-27..29,B+R,251,identified_by_30_move_prefix,sgf/021-1948-09-27.sgf,https://homepages.cwi.nl/~aeb/go/games/games/Go_Seigen/1948-09-27.sgf,https://qjql.net/newgo/dongtu/%E5%90%8D%E4%BA%BA%E6%A3%8B%E8%B0%B1/%E5%90%B4%E6%B8%85%E6%BA%90%E8%87%AA%E6%88%98%E7%99%BE%E5%B1%80021.gif
22,,Iwamoto Kaoru,Go Seigen,1948-10-19..21,W+8,265,identified_by_30_move_prefix,sgf/022-1948-10-19.sgf,https://homepages.cwi.nl/~aeb/go/games/games/Go_Seigen/1948-10-19.sgf,https://qjql.net/newgo/dongtu/%E5%90%8D%E4%BA%BA%E6%A3%8B%E8%B0%B1/%E5%90%B4%E6%B8%85%E6%BA%90%E8%87%AA%E6%88%98%E7%99%BE%E5%B1%80022.gif
23,,Go Seigen,Iwamoto Kaoru,1948-11-16..18,B+12,290,identified_by_30_move_prefix,sgf/023-1948-11-16.sgf,https://homepages.cwi.nl/~aeb/go/games/games/Go_Seigen/1948-11-16.sgf,https://qjql.net/newgo/dongtu/%E5%90%8D%E4%BA%BA%E6%A3%8B%E8%B0%B1/%E5%90%B4%E6%B8%85%E6%BA%90%E8%87%AA%E6%88%98%E7%99%BE%E5%B1%80023.gif
24,,Iwamoto Kaoru,Go Seigen,1948-12-21..23,Jigo,258,identified_by_30_move_prefix,sgf/024-1948-12-21.sgf,https://homepages.cwi.nl/~aeb/go/games/games/Go_Seigen/1948-12-21.sgf,https://qjql.net/newgo/dongtu/%E5%90%8D%E4%BA%BA%E6%A3%8B%E8%B0%B1/%E5%90%B4%E6%B8%85%E6%BA%90%E8%87%AA%E6%88%98%E7%99%BE%E5%B1%80024.gif
25,,Iwamoto Kaoru,Go Seigen,1949-01-19..21,W+3,291,identified_by_30_move_prefix,sgf/025-1949-01-19.sgf,https://homepages.cwi.nl/~aeb/go/games/games/Go_Seigen/1949-01-19.sgf,https://qjql.net/newgo/dongtu/%E5%90%8D%E4%BA%BA%E6%A3%8B%E8%B0%B1/%E5%90%B4%E6%B8%85%E6%BA%90%E8%87%AA%E6%88%98%E7%99%BE%E5%B1%80025.gif
26,,Go Seigen,Iwamoto Kaoru,"1949-01-26,27",B+R,227,identified_by_30_move_prefix,sgf/026-1949-01-26.sgf,https://homepages.cwi.nl/~aeb/go/games/games/Go_Seigen/1949-01-26.sgf,https://qjql.net/newgo/dongtu/%E5%90%8D%E4%BA%BA%E6%A3%8B%E8%B0%B1/%E5%90%B4%E6%B8%85%E6%BA%90%E8%87%AA%E6%88%98%E7%99%BE%E5%B1%80026.gif
27,,Hasegawa Akira,Go Seigen,"1949-07-27,28",W+5,234,identified_by_30_move_prefix,sgf/027-1949-07-27.sgf,https://homepages.cwi.nl/~aeb/go/games/games/Go_Seigen/1949-07-27.sgf,https://qjql.net/newgo/dongtu/%E5%90%8D%E4%BA%BA%E6%A3%8B%E8%B0%B1/%E5%90%B4%E6%B8%85%E6%BA%90%E8%87%AA%E6%88%98%E7%99%BE%E5%B1%80027.gif
28,,Kajiwara Takeo,Go Seigen,"1949-08-11,12",W+R,228,identified_by_30_move_prefix,sgf/028-1949-08-11.sgf,https://homepages.cwi.nl/~aeb/go/games/games/Go_Seigen/1949-08-11.sgf,https://qjql.net/newgo/dongtu/%E5%90%8D%E4%BA%BA%E6%A3%8B%E8%B0%B1/%E5%90%B4%E6%B8%85%E6%BA%90%E8%87%AA%E6%88%98%E7%99%BE%E5%B1%80028.gif
29,,Go Seigen,Takagawa Shukaku,"1962-04-25,26",B+R,233,identified_by_30_move_prefix,sgf/029-1962-04-25.sgf,https://homepages.cwi.nl/~aeb/go/games/games/Go_Seigen/1962-04-25.sgf,https://qjql.net/newgo/dongtu/%E5%90%8D%E4%BA%BA%E6%A3%8B%E8%B0%B1/%E5%90%B4%E6%B8%85%E6%BA%90%E8%87%AA%E6%88%98%E7%99%BE%E5%B1%80029.gif
30,,Hashimoto Utaro,Go Seigen,"1962-06-27,28",W+7,243,identified_by_30_move_prefix,sgf/030-1962-06-27.sgf,https://homepages.cwi.nl/~aeb/go/games/games/Go_Seigen/1962-06-27.sgf,https://qjql.net/newgo/dongtu/%E5%90%8D%E4%BA%BA%E6%A3%8B%E8%B0%B1/%E5%90%B4%E6%B8%85%E6%BA%90%E8%87%AA%E6%88%98%E7%99%BE%E5%B1%80030.gif
31,,Hosokawa Senjin,Go Seigen,"1949-10-23,24",W+2,263,identified_by_30_move_prefix,sgf/031-1949-10-23.sgf,https://homepages.cwi.nl/~aeb/go/games/games/Go_Seigen/1949-10-23.sgf,https://qjql.net/newgo/dongtu/%E5%90%8D%E4%BA%BA%E6%A3%8B%E8%B0%B1/%E5%90%B4%E6%B8%85%E6%BA%90%E8%87%AA%E6%88%98%E7%99%BE%E5%B1%80031.gif
32,,Hayashi Yutaro,Go Seigen,1949-11-29,W+1,259,identified_by_30_move_prefix,sgf/032-1949-11-29.sgf,https://homepages.cwi.nl/~aeb/go/games/games/Go_Seigen/1949-11-29.sgf,https://qjql.net/newgo/dongtu/%E5%90%8D%E4%BA%BA%E6%A3%8B%E8%B0%B1/%E5%90%B4%E6%B8%85%E6%BA%90%E8%87%AA%E6%88%98%E7%99%BE%E5%B1%80032.gif
33,,Go Seigen,Maeda Nobuaki,"1949-12-15,16",B+R,183,identified_by_30_move_prefix,sgf/033-1949-12-15.sgf,https://homepages.cwi.nl/~aeb/go/games/games/Go_Seigen/1949-12-15.sgf,https://qjql.net/newgo/dongtu/%E5%90%8D%E4%BA%BA%E6%A3%8B%E8%B0%B1/%E5%90%B4%E6%B8%85%E6%BA%90%E8%87%AA%E6%88%98%E7%99%BE%E5%B1%80033.gif
34,,Sumino Takeshi,Go Seigen,"1950-01-07,08",Jigo,233,identified_by_30_move_prefix,sgf/034-1950-01-07.sgf,https://homepages.cwi.nl/~aeb/go/games/games/Go_Seigen/1950-01-07.sgf,https://qjql.net/newgo/dongtu/%E5%90%8D%E4%BA%BA%E6%A3%8B%E8%B0%B1/%E5%90%B4%E6%B8%85%E6%BA%90%E8%87%AA%E6%88%98%E7%99%BE%E5%B1%80034.gif
35,,Sakata Eio,Go Seigen,"1950-02-02,03",W+R,224,identified_by_30_move_prefix,sgf/035-1950-02-02.sgf,https://homepages.cwi.nl/~aeb/go/games/games/Go_Seigen/1950-02-02.sgf,https://qjql.net/newgo/dongtu/%E5%90%8D%E4%BA%BA%E6%A3%8B%E8%B0%B1/%E5%90%B4%E6%B8%85%E6%BA%90%E8%87%AA%E6%88%98%E7%99%BE%E5%B1%80035.gif
36,,Kato Shin,Go Seigen,,W+4,227,identified_by_30_move_prefix,sgf/036-1950-05-01.sgf,https://homepages.cwi.nl/~aeb/go/games/games/Go_Seigen/1950-05-01.sgf,https://qjql.net/newgo/dongtu/%E5%90%8D%E4%BA%BA%E6%A3%8B%E8%B0%B1/%E5%90%B4%E6%B8%85%E6%BA%90%E8%87%AA%E6%88%98%E7%99%BE%E5%B1%80036.gif
37,,Hayashi Yutaro,Go Seigen,,W+R,176,identified_by_30_move_prefix,sgf/037-1950-05-25.sgf,https://homepages.cwi.nl/~aeb/go/games/games/Go_Seigen/1950-05-25.sgf,https://qjql.net/newgo/dongtu/%E5%90%8D%E4%BA%BA%E6%A3%8B%E8%B0%B1/%E5%90%B4%E6%B8%85%E6%BA%90%E8%87%AA%E6%88%98%E7%99%BE%E5%B1%80037.gif
38,,Maeda Nobuaki,Go Seigen,,W+4,268,identified_by_30_move_prefix,sgf/038-1950-06-13.sgf,https://homepages.cwi.nl/~aeb/go/games/games/Go_Seigen/1950-06-13.sgf,https://qjql.net/newgo/dongtu/%E5%90%8D%E4%BA%BA%E6%A3%8B%E8%B0%B1/%E5%90%B4%E6%B8%85%E6%BA%90%E8%87%AA%E6%88%98%E7%99%BE%E5%B1%80038.gif
39,,Sakata Eio,Go Seigen,,W+R,234,identified_by_30_move_prefix,sgf/039-1950-07-04.sgf,https://homepages.cwi.nl/~aeb/go/games/games/Go_Seigen/1950-07-04.sgf,https://qjql.net/newgo/dongtu/%E5%90%8D%E4%BA%BA%E6%A3%8B%E8%B0%B1/%E5%90%B4%E6%B8%85%E6%BA%90%E8%87%AA%E6%88%98%E7%99%BE%E5%B1%80039.gif
40,,Mitsuhara Itaro,Go Seigen,1950-06,W+R,182,identified_by_30_move_prefix,sgf/040-1950-09-13.sgf,https://homepages.cwi.nl/~aeb/go/games/games/Go_Seigen/1950-09-13.sgf,https://qjql.net/newgo/dongtu/%E5%90%8D%E4%BA%BA%E6%A3%8B%E8%B0%B1/%E5%90%B4%E6%B8%85%E6%BA%90%E8%87%AA%E6%88%98%E7%99%BE%E5%B1%80040.gif
41,,Sakata Eio,Go Seigen,"1954-04-27,28",W+R,256,identified_by_30_move_prefix,sgf/041-1954-04-27.sgf,https://homepages.cwi.nl/~aeb/go/games/games/Go_Seigen/1954-04-27.sgf,https://qjql.net/newgo/dongtu/%E5%90%8D%E4%BA%BA%E6%A3%8B%E8%B0%B1/%E5%90%B4%E6%B8%85%E6%BA%90%E8%87%AA%E6%88%98%E7%99%BE%E5%B1%80041.gif
42,,Hasegawa Akira,Go Seigen,"1951-01-15,16",W+R,208,identified_by_30_move_prefix,sgf/042-1951-01-15.sgf,https://homepages.cwi.nl/~aeb/go/games/games/Go_Seigen/1951-01-15.sgf,https://qjql.net/newgo/dongtu/%E5%90%8D%E4%BA%BA%E6%A3%8B%E8%B0%B1/%E5%90%B4%E6%B8%85%E6%BA%90%E8%87%AA%E6%88%98%E7%99%BE%E5%B1%80042.gif
43,,Shinohara Masami,Go Seigen,"1951-07-09,10",W+2,273,identified_by_30_move_prefix,sgf/043-1951-07-09.sgf,https://homepages.cwi.nl/~aeb/go/games/games/Go_Seigen/1951-07-09.sgf,https://qjql.net/newgo/dongtu/%E5%90%8D%E4%BA%BA%E6%A3%8B%E8%B0%B1/%E5%90%B4%E6%B8%85%E6%BA%90%E8%87%AA%E6%88%98%E7%99%BE%E5%B1%80043.gif
44,,Shimamura Toshihiro,Go Seigen,,W+3,245,identified_by_30_move_prefix,sgf/044-1951-09-01.sgf,https://homepages.cwi.nl/~aeb/go/games/games/Go_Seigen/1951-09-01.sgf,https://qjql.net/newgo/dongtu/%E5%90%8D%E4%BA%BA%E6%A3%8B%E8%B0%B1/%E5%90%B4%E6%B8%85%E6%BA%90%E8%87%AA%E6%88%98%E7%99%BE%E5%B1%80044.gif
45,,Segoe Kensaku,Go Seigen,,W+R,242,identified_by_30_move_prefix,sgf/045-1951-09-21.sgf,https://homepages.cwi.nl/~aeb/go/games/games/Go_Seigen/1951-09-21.sgf,https://qjql.net/newgo/dongtu/%E5%90%8D%E4%BA%BA%E6%A3%8B%E8%B0%B1/%E5%90%B4%E6%B8%85%E6%BA%90%E8%87%AA%E6%88%98%E7%99%BE%E5%B1%80045.gif
50,,Hashimoto Utaro,Go Seigen,"1950-10-10,11",Jigo,252,identified_by_30_move_prefix,sgf/050-1950-10-10.sgf,https://homepages.cwi.nl/~aeb/go/games/games/Go_Seigen/1950-10-10.sgf,https://qjql.net/newgo/dongtu/%E5%90%8D%E4%BA%BA%E6%A3%8B%E8%B0%B1/%E5%90%B4%E6%B8%85%E6%BA%90%E8%87%AA%E6%88%98%E7%99%BE%E5%B1%80050.gif
51,,Go Seigen,Hashimoto Utaro,,B+R,183,identified_by_30_move_prefix,sgf/051-1950-11-15.sgf,https://homepages.cwi.nl/~aeb/go/games/games/Go_Seigen/1950-11-15.sgf,https://qjql.net/newgo/dongtu/%E5%90%8D%E4%BA%BA%E6%A3%8B%E8%B0%B1/%E5%90%B4%E6%B8%85%E6%BA%90%E8%87%AA%E6%88%98%E7%99%BE%E5%B1%80051.gif
52,,Hashimoto Utaro,Go Seigen,"1950-11-22,23",Jigo,241,identified_by_30_move_prefix,sgf/052-1950-11-22.sgf,https://homepages.cwi.nl/~aeb/go/games/games/Go_Seigen/1950-11-22.sgf,https://qjql.net/newgo/dongtu/%E5%90%8D%E4%BA%BA%E6%A3%8B%E8%B0%B1/%E5%90%B4%E6%B8%85%E6%BA%90%E8%87%AA%E6%88%98%E7%99%BE%E5%B1%80052.gif
53,,Go Seigen,Hashimoto Utaro,,B+8,256,identified_by_30_move_prefix,sgf/053-1951-03-27.sgf,https://homepages.cwi.nl/~aeb/go/games/games/Go_Seigen/1951-03-27.sgf,https://qjql.net/newgo/dongtu/%E5%90%8D%E4%BA%BA%E6%A3%8B%E8%B0%B1/%E5%90%B4%E6%B8%85%E6%BA%90%E8%87%AA%E6%88%98%E7%99%BE%E5%B1%80053.gif
54,,Hashimoto Utaro,Go Seigen,1951-04-22,W+8,265,identified_by_30_move_prefix,sgf/054-1951-04-22.sgf,https://homepages.cwi.nl/~aeb/go/games/games/Go_Seigen/1951-04-22.sgf,https://qjql.net/newgo/dongtu/%E5%90%8D%E4%BA%BA%E6%A3%8B%E8%B0%B1/%E5%90%B4%E6%B8%85%E6%BA%90%E8%87%AA%E6%88%98%E7%99%BE%E5%B1%80054.gif
55,,Go Seigen,Fujisawa Kuranosuke,1951-12-01..03,B+5.5,269,identified_by_30_move_prefix,sgf/055-1951-12-01.sgf,https://homepages.cwi.nl/~aeb/go/games/games/Go_Seigen/1951-12-01.sgf,https://qjql.net/newgo/dongtu/%E5%90%8D%E4%BA%BA%E6%A3%8B%E8%B0%B1/%E5%90%B4%E6%B8%85%E6%BA%90%E8%87%AA%E6%88%98%E7%99%BE%E5%B1%80055.gif
56,,Fujisawa Kuranosuke,Go Seigen,1951-12-10..12,W+2.5,237,identified_by_30_move_prefix,sgf/056-1951-12-10.sgf,https://homepages.cwi.nl/~aeb/go/games/games/Go_Seigen/1951-12-10.sgf,https://qjql.net/newgo/dongtu/%E5%90%8D%E4%BA%BA%E6%A3%8B%E8%B0%B1/%E5%90%B4%E6%B8%85%E6%BA%90%E8%87%AA%E6%88%98%E7%99%BE%E5%B1%80056.gif
57,,Go Seigen,Fujisawa Kuranosuke,1951-11-10..12,W+6,249,identified_by_30_move_prefix,sgf/057-1951-11-10.sgf,https://homepages.cwi.nl/~aeb/go/games/games/Go_Seigen/1951-11-10.sgf,https://qjql.net/newgo/dongtu/%E5%90%8D%E4%BA%BA%E6%A3%8B%E8%B0%B1/%E5%90%B4%E6%B8%85%E6%BA%90%E8%87%AA%E6%88%98%E7%99%BE%E5%B1%80057.gif
58,,Fujisawa Kuranosuke,Go Seigen,1951-12-22..24,Jigo,283,identified_by_30_move_prefix,sgf/058-1951-12-22.sgf,https://homepages.cwi.nl/~aeb/go/games/games/Go_Seigen/1951-12-22.sgf,https://qjql.net/newgo/dongtu/%E5%90%8D%E4%BA%BA%E6%A3%8B%E8%B0%B1/%E5%90%B4%E6%B8%85%E6%BA%90%E8%87%AA%E6%88%98%E7%99%BE%E5%B1%80058.gif
59,,Fujisawa Kuranosuke,Go Seigen,1952-03-11..13,W+R,232,identified_by_30_move_prefix,sgf/059-1952-03-11.sgf,https://homepages.cwi.nl/~aeb/go/games/games/Go_Seigen/1952-03-11.sgf,https://qjql.net/newgo/dongtu/%E5%90%8D%E4%BA%BA%E6%A3%8B%E8%B0%B1/%E5%90%B4%E6%B8%85%E6%BA%90%E8%87%AA%E6%88%98%E7%99%BE%E5%B1%80059.gif
63,,Fujisawa Kuranosuke,Go Seigen,1952-10-09..11,W+R,180,identified_by_30_move_prefix,sgf/063-1952-10-09.sgf,https://homepages.cwi.nl/~aeb/go/games/games/Go_Seigen/1952-10-09.sgf,https://qjql.net/newgo/dongtu/%E5%90%8D%E4%BA%BA%E6%A3%8B%E8%B0%B1/%E5%90%B4%E6%B8%85%E6%BA%90%E8%87%AA%E6%88%98%E7%99%BE%E5%B1%80063.gif
64,,Go Seigen,Fujisawa Kuranosuke,1952-12-11..13,B+R,211,identified_by_30_move_prefix,sgf/064-1952-12-11.sgf,https://homepages.cwi.nl/~aeb/go/games/games/Go_Seigen/1952-12-11.sgf,https://qjql.net/newgo/dongtu/%E5%90%8D%E4%BA%BA%E6%A3%8B%E8%B0%B1/%E5%90%B4%E6%B8%85%E6%BA%90%E8%87%AA%E6%88%98%E7%99%BE%E5%B1%80064.gif
65,,Fujisawa Kuranosuke,Go Seigen,1953-02-05..07,W+5,226,identified_by_30_move_prefix,sgf/065-1953-02-05.sgf,https://homepages.cwi.nl/~aeb/go/games/games/Go_Seigen/1953-02-05.sgf,https://qjql.net/newgo/dongtu/%E5%90%8D%E4%BA%BA%E6%A3%8B%E8%B0%B1/%E5%90%B4%E6%B8%85%E6%BA%90%E8%87%AA%E6%88%98%E7%99%BE%E5%B1%80065.gif
66,,Go Seigen,Fujisawa Kuranosuke,1953-03-11..13,B+R,221,identified_by_30_move_prefix,sgf/066-1953-03-11.sgf,https://homepages.cwi.nl/~aeb/go/games/games/Go_Seigen/1953-03-11.sgf,https://qjql.net/newgo/dongtu/%E5%90%8D%E4%BA%BA%E6%A3%8B%E8%B0%B1/%E5%90%B4%E6%B8%85%E6%BA%90%E8%87%AA%E6%88%98%E7%99%BE%E5%B1%80066.gif
67,,Takagawa Shukaku,Go Seigen,"1952-10-25,26",W+7,289,identified_by_30_move_prefix,sgf/067-1952-10-25.sgf,https://homepages.cwi.nl/~aeb/go/games/games/Go_Seigen/1952-10-25.sgf,https://qjql.net/newgo/dongtu/%E5%90%8D%E4%BA%BA%E6%A3%8B%E8%B0%B1/%E5%90%B4%E6%B8%85%E6%BA%90%E8%87%AA%E6%88%98%E7%99%BE%E5%B1%80067.gif
68,,Takagawa Shukaku,Go Seigen,"1953-01-31,02-01",W+R,204,identified_by_30_move_prefix,sgf/068-1953-01-31.sgf,https://homepages.cwi.nl/~aeb/go/games/games/Go_Seigen/1953-01-31.sgf,https://qjql.net/newgo/dongtu/%E5%90%8D%E4%BA%BA%E6%A3%8B%E8%B0%B1/%E5%90%B4%E6%B8%85%E6%BA%90%E8%87%AA%E6%88%98%E7%99%BE%E5%B1%80068.gif
69,,Sakata Eio,Go Seigen,"1953-05-27,28",W+6,233,identified_by_30_move_prefix,sgf/069-1953-05-27.sgf,https://homepages.cwi.nl/~aeb/go/games/games/Go_Seigen/1953-05-27.sgf,https://qjql.net/newgo/dongtu/%E5%90%8D%E4%BA%BA%E6%A3%8B%E8%B0%B1/%E5%90%B4%E6%B8%85%E6%BA%90%E8%87%AA%E6%88%98%E7%99%BE%E5%B1%80069.gif
70,,Sakata Eio,Go Seigen,"1953-07-05,06",Jigo,322,identified_by_30_move_prefix,sgf/070-1953-07-05.sgf,https://homepages.cwi.nl/~aeb/go/games/games/Go_Seigen/1953-07-05.sgf,https://qjql.net/newgo/dongtu/%E5%90%8D%E4%BA%BA%E6%A3%8B%E8%B0%B1/%E5%90%B4%E6%B8%85%E6%BA%90%E8%87%AA%E6%88%98%E7%99%BE%E5%B1%80070.gif
71,,Tainaka Shin,Go Seigen,"1953-06-23,24",W+2,237,identified_by_30_move_prefix,sgf/071-1953-06-23.sgf,https://homepages.cwi.nl/~aeb/go/games/games/Go_Seigen/1953-06-23.sgf,https://qjql.net/newgo/dongtu/%E5%90%8D%E4%BA%BA%E6%A3%8B%E8%B0%B1/%E5%90%B4%E6%B8%85%E6%BA%90%E8%87%AA%E6%88%98%E7%99%BE%E5%B1%80071.gif
72,,Kubouchi Shuchi,Go Seigen,"1953-07-28,29",Jigo,256,identified_by_30_move_prefix,sgf/072-1953-07-28.sgf,https://homepages.cwi.nl/~aeb/go/games/games/Go_Seigen/1953-07-28.sgf,https://qjql.net/newgo/dongtu/%E5%90%8D%E4%BA%BA%E6%A3%8B%E8%B0%B1/%E5%90%B4%E6%B8%85%E6%BA%90%E8%87%AA%E6%88%98%E7%99%BE%E5%B1%80072.gif
73,,Go Seigen,Sakata Eio,"1953-11-19,20",B+R,203,identified_by_30_move_prefix,sgf/073-1953-11-19.sgf,https://homepages.cwi.nl/~aeb/go/games/games/Go_Seigen/1953-11-19.sgf,https://qjql.net/newgo/dongtu/%E5%90%8D%E4%BA%BA%E6%A3%8B%E8%B0%B1/%E5%90%B4%E6%B8%85%E6%BA%90%E8%87%AA%E6%88%98%E7%99%BE%E5%B1%80073.gif
74,,Sakata Eio,Go Seigen,"1954-01-07,08",W+2,245,identified_by_30_move_prefix,sgf/074-1954-01-07.sgf,https://homepages.cwi.nl/~aeb/go/games/games/Go_Seigen/1954-01-07.sgf,https://qjql.net/newgo/dongtu/%E5%90%8D%E4%BA%BA%E6%A3%8B%E8%B0%B1/%E5%90%B4%E6%B8%85%E6%BA%90%E8%87%AA%E6%88%98%E7%99%BE%E5%B1%80074.gif
75,,Go Seigen,Sakata Eio,"1954-03-27,28",B+10,272,identified_by_30_move_prefix,sgf/075-1954-03-27.sgf,https://homepages.cwi.nl/~aeb/go/games/games/Go_Seigen/1954-03-27.sgf,https://qjql.net/newgo/dongtu/%E5%90%8D%E4%BA%BA%E6%A3%8B%E8%B0%B1/%E5%90%B4%E6%B8%85%E6%BA%90%E8%87%AA%E6%88%98%E7%99%BE%E5%B1%80075.gif
76,,Go Seigen,Sakata Eio,"1954-07-24,25",B+7,247,identified_by_30_move_prefix,sgf/076-1954-07-24.sgf,https://homepages.cwi.nl/~aeb/go/games/games/Go_Seigen/1954-07-24.sgf,https://qjql.net/newgo/dongtu/%E5%90%8D%E4%BA%BA%E6%A3%8B%E8%B0%B1/%E5%90%B4%E6%B8%85%E6%BA%90%E8%87%AA%E6%88%98%E7%99%BE%E5%B1%80076.gif
77,,Go Seigen,Hashimoto Utaro,"1953-12-17,18",B+R,181,identified_by_30_move_prefix,sgf/077-1953-12-17.sgf,https://homepages.cwi.nl/~aeb/go/games/games/Go_Seigen/1953-12-17.sgf,https://qjql.net/newgo/dongtu/%E5%90%8D%E4%BA%BA%E6%A3%8B%E8%B0%B1/%E5%90%B4%E6%B8%85%E6%BA%90%E8%87%AA%E6%88%98%E7%99%BE%E5%B1%80077.gif
78,,Go Seigen,Hashimoto Utaro,"1954-03-08,09",B+R,179,identified_by_30_move_prefix,sgf/078-1954-03-08.sgf,https://homepages.cwi.nl/~aeb/go/games/games/Go_Seigen/1954-03-08.sgf,https://qjql.net/newgo/dongtu/%E5%90%8D%E4%BA%BA%E6%A3%8B%E8%B0%B1/%E5%90%B4%E6%B8%85%E6%BA%90%E8%87%AA%E6%88%98%E7%99%BE%E5%B1%80078.gif
79,,Go Seigen,Sugiuchi Masao,"1955-05-26,27",B+R,215,identified_by_30_move_prefix,sgf/079-1955-05-26.sgf,https://homepages.cwi.nl/~aeb/go/games/games/Go_Seigen/1955-05-26.sgf,https://qjql.net/newgo/dongtu/%E5%90%8D%E4%BA%BA%E6%A3%8B%E8%B0%B1/%E5%90%B4%E6%B8%85%E6%BA%90%E8%87%AA%E6%88%98%E7%99%BE%E5%B1%80079.gif
80,,Sugiuchi Masao,Go Seigen,"1955-06-14,15",W+1,251,identified_by_30_move_prefix,sgf/080-1955-06-14.sgf,https://homepages.cwi.nl/~aeb/go/games/games/Go_Seigen/1955-06-14.sgf,https://qjql.net/newgo/dongtu/%E5%90%8D%E4%BA%BA%E6%A3%8B%E8%B0%B1/%E5%90%B4%E6%B8%85%E6%BA%90%E8%87%AA%E6%88%98%E7%99%BE%E5%B1%80080.gif
81,,Takagawa Shukaku,Go Seigen,"1955-07-05,06",W+2.5,275,identified_by_30_move_prefix,sgf/081-1955-07-05.sgf,https://homepages.cwi.nl/~aeb/go/games/games/Go_Seigen/1955-07-05.sgf,https://qjql.net/newgo/dongtu/%E5%90%8D%E4%BA%BA%E6%A3%8B%E8%B0%B1/%E5%90%B4%E6%B8%85%E6%BA%90%E8%87%AA%E6%88%98%E7%99%BE%E5%B1%80081.gif
82,,Go Seigen,Takagawa Shukaku,"1955-08-30,31",B+0.5,274,identified_by_30_move_prefix,sgf/082-1955-08-30.sgf,https://homepages.cwi.nl/~aeb/go/games/games/Go_Seigen/1955-08-30.sgf,https://qjql.net/newgo/dongtu/%E5%90%8D%E4%BA%BA%E6%A3%8B%E8%B0%B1/%E5%90%B4%E6%B8%85%E6%BA%90%E8%87%AA%E6%88%98%E7%99%BE%E5%B1%80082.gif
83,,Go Seigen,Takagawa Shukaku,"1955-07-19,20",B+3,263,identified_by_30_move_prefix,sgf/083-1955-07-19.sgf,https://homepages.cwi.nl/~aeb/go/games/games/Go_Seigen/1955-07-19.sgf,https://qjql.net/newgo/dongtu/%E5%90%8D%E4%BA%BA%E6%A3%8B%E8%B0%B1/%E5%90%B4%E6%B8%85%E6%BA%90%E8%87%AA%E6%88%98%E7%99%BE%E5%B1%80083.gif
84,,Go Seigen,Takagawa Shukaku,"1955-10-11,12",B+R,187,identified_by_30_move_prefix,sgf/084-1955-10-11.sgf,https://homepages.cwi.nl/~aeb/go/games/games/Go_Seigen/1955-10-11.sgf,https://qjql.net/newgo/dongtu/%E5%90%8D%E4%BA%BA%E6%A3%8B%E8%B0%B1/%E5%90%B4%E6%B8%85%E6%BA%90%E8%87%AA%E6%88%98%E7%99%BE%E5%B1%80084.gif
85,,Go Seigen,Takagawa Shukaku,"1956-01-24,25",B+R,181,identified_by_30_move_prefix,sgf/085-1956-01-24.sgf,https://homepages.cwi.nl/~aeb/go/games/games/Go_Seigen/1956-01-24.sgf,https://qjql.net/newgo/dongtu/%E5%90%8D%E4%BA%BA%E6%A3%8B%E8%B0%B1/%E5%90%B4%E6%B8%85%E6%BA%90%E8%87%AA%E6%88%98%E7%99%BE%E5%B1%80085.gif
86,,Takagawa Shukaku,Go Seigen,"1956-09-28,29",W+1,267,identified_by_30_move_prefix,sgf/086-1956-09-28.sgf,https://homepages.cwi.nl/~aeb/go/games/games/Go_Seigen/1956-09-28.sgf,https://qjql.net/newgo/dongtu/%E5%90%8D%E4%BA%BA%E6%A3%8B%E8%B0%B1/%E5%90%B4%E6%B8%85%E6%BA%90%E8%87%AA%E6%88%98%E7%99%BE%E5%B1%80086.gif
87,,Go Seigen,Takagawa Shukaku,"1956-08-27,28",B+4.5,257,identified_by_30_move_prefix,sgf/087-1956-08-27.sgf,https://homepages.cwi.nl/~aeb/go/games/games/Go_Seigen/1956-08-27.sgf,https://qjql.net/newgo/dongtu/%E5%90%8D%E4%BA%BA%E6%A3%8B%E8%B0%B1/%E5%90%B4%E6%B8%85%E6%BA%90%E8%87%AA%E6%88%98%E7%99%BE%E5%B1%80087.gif
88,,Go Seigen,Takagawa Shukaku,"1956-10-09,10",B+R,181,identified_by_30_move_prefix,sgf/088-1956-10-09.sgf,https://homepages.cwi.nl/~aeb/go/games/games/Go_Seigen/1956-10-09.sgf,https://qjql.net/newgo/dongtu/%E5%90%8D%E4%BA%BA%E6%A3%8B%E8%B0%B1/%E5%90%B4%E6%B8%85%E6%BA%90%E8%87%AA%E6%88%98%E7%99%BE%E5%B1%80088.gif
89,,Go Seigen,Sakata Eio,"1957-05-23,24",B+R,255,identified_by_30_move_prefix,sgf/089-1957-05-23.sgf,https://homepages.cwi.nl/~aeb/go/games/games/Go_Seigen/1957-05-23.sgf,https://qjql.net/newgo/dongtu/%E5%90%8D%E4%BA%BA%E6%A3%8B%E8%B0%B1/%E5%90%B4%E6%B8%85%E6%BA%90%E8%87%AA%E6%88%98%E7%99%BE%E5%B1%80089.gif
90,,Sakata Eio,Go Seigen,"1957-07-02,03",W+4,326,identified_by_30_move_prefix,sgf/090-1957-07-02.sgf,https://homepages.cwi.nl/~aeb/go/games/games/Go_Seigen/1957-07-02.sgf,https://qjql.net/newgo/dongtu/%E5%90%8D%E4%BA%BA%E6%A3%8B%E8%B0%B1/%E5%90%B4%E6%B8%85%E6%BA%90%E8%87%AA%E6%88%98%E7%99%BE%E5%B1%80090.gif
91,,Takagawa Shukaku,Go Seigen,"1957-09-26,27",W+R,254,identified_by_30_move_prefix,sgf/091-1957-09-26.sgf,https://homepages.cwi.nl/~aeb/go/games/games/Go_Seigen/1957-09-26.sgf,https://qjql.net/newgo/dongtu/%E5%90%8D%E4%BA%BA%E6%A3%8B%E8%B0%B1/%E5%90%B4%E6%B8%85%E6%BA%90%E8%87%AA%E6%88%98%E7%99%BE%E5%B1%80091.gif
92,,Go Seigen,Kitani Minoru,"1958-04-30,05-01",B+10,305,identified_by_30_move_prefix,sgf/092-1958-04-30.sgf,https://homepages.cwi.nl/~aeb/go/games/games/Go_Seigen/1958-04-30.sgf,https://qjql.net/newgo/dongtu/%E5%90%8D%E4%BA%BA%E6%A3%8B%E8%B0%B1/%E5%90%B4%E6%B8%85%E6%BA%90%E8%87%AA%E6%88%98%E7%99%BE%E5%B1%80092.gif
93,,Takagawa Shukaku,Go Seigen,"1958-02-13,14",W+3.5,267,identified_by_30_move_prefix,sgf/093-1958-02-13.sgf,https://homepages.cwi.nl/~aeb/go/games/games/Go_Seigen/1958-02-13.sgf,https://qjql.net/newgo/dongtu/%E5%90%8D%E4%BA%BA%E6%A3%8B%E8%B0%B1/%E5%90%B4%E6%B8%85%E6%BA%90%E8%87%AA%E6%88%98%E7%99%BE%E5%B1%80093.gif
94,,Go Seigen,Kitani Minoru,"1959-11-04,05",B+22,319,identified_by_30_move_prefix,sgf/094-1959-11-04.sgf,https://homepages.cwi.nl/~aeb/go/games/games/Go_Seigen/1959-11-04.sgf,https://qjql.net/newgo/dongtu/%E5%90%8D%E4%BA%BA%E6%A3%8B%E8%B0%B1/%E5%90%B4%E6%B8%85%E6%BA%90%E8%87%AA%E6%88%98%E7%99%BE%E5%B1%80094.gif
95,,Go Seigen,Takagawa Shukaku,"1959-11-18,19",B+R,187,identified_by_30_move_prefix,sgf/095-1959-11-18.sgf,https://homepages.cwi.nl/~aeb/go/games/games/Go_Seigen/1959-11-18.sgf,https://qjql.net/newgo/dongtu/%E5%90%8D%E4%BA%BA%E6%A3%8B%E8%B0%B1/%E5%90%B4%E6%B8%85%E6%BA%90%E8%87%AA%E6%88%98%E7%99%BE%E5%B1%80095.gif
96,,Sakata Eio,Go Seigen,"1959-12-09,10",W+1,299,identified_by_30_move_prefix,sgf/096-1959-12-09.sgf,https://homepages.cwi.nl/~aeb/go/games/games/Go_Seigen/1959-12-09.sgf,https://qjql.net/newgo/dongtu/%E5%90%8D%E4%BA%BA%E6%A3%8B%E8%B0%B1/%E5%90%B4%E6%B8%85%E6%BA%90%E8%87%AA%E6%88%98%E7%99%BE%E5%B1%80096.gif
97,,Go Seigen,Iwata Masao,"1958-07-17,18",B+R,191,identified_by_30_move_prefix,sgf/097-1958-07-17.sgf,https://homepages.cwi.nl/~aeb/go/games/games/Go_Seigen/1958-07-17.sgf,https://qjql.net/newgo/dongtu/%E5%90%8D%E4%BA%BA%E6%A3%8B%E8%B0%B1/%E5%90%B4%E6%B8%85%E6%BA%90%E8%87%AA%E6%88%98%E7%99%BE%E5%B1%80097.gif
98,,Go Seigen,Iwata Masao,"1960-01-23,24",B+6,258,identified_by_30_move_prefix,sgf/098-1960-01-23.sgf,https://homepages.cwi.nl/~aeb/go/games/games/Go_Seigen/1960-01-23.sgf,https://qjql.net/newgo/dongtu/%E5%90%8D%E4%BA%BA%E6%A3%8B%E8%B0%B1/%E5%90%B4%E6%B8%85%E6%BA%90%E8%87%AA%E6%88%98%E7%99%BE%E5%B1%80098.gif
99,,Go Seigen,Kitani Minoru,"1960-04-05,06",B+7,220,identified_by_30_move_prefix,sgf/099-1960-04-05.sgf,https://homepages.cwi.nl/~aeb/go/games/games/Go_Seigen/1960-04-05.sgf,https://qjql.net/newgo/dongtu/%E5%90%8D%E4%BA%BA%E6%A3%8B%E8%B0%B1/%E5%90%B4%E6%B8%85%E6%BA%90%E8%87%AA%E6%88%98%E7%99%BE%E5%B1%80099.gif
100,,Kitani Minoru,Go Seigen,"1960-06-20,21",W+14,246,identified_by_30_move_prefix,sgf/100-1960-06-20.sgf,https://homepages.cwi.nl/~aeb/go/games/games/Go_Seigen/1960-06-20.sgf,https://qjql.net/newgo/dongtu/%E5%90%8D%E4%BA%BA%E6%A3%8B%E8%B0%B1/%E5%90%B4%E6%B8%85%E6%BA%90%E8%87%AA%E6%88%98%E7%99%BE%E5%B1%80100.gif
